-- MySQL dump 10.13  Distrib 8.0.17, for Win64 (x86_64)
--
-- Host: localhost    Database: innovativesolutionsdb
-- ------------------------------------------------------
-- Server version	8.0.17

/*!40101 SET @OLD_CHARACTER_SET_CLIENT=@@CHARACTER_SET_CLIENT */;
/*!40101 SET @OLD_CHARACTER_SET_RESULTS=@@CHARACTER_SET_RESULTS */;
/*!40101 SET @OLD_COLLATION_CONNECTION=@@COLLATION_CONNECTION */;
/*!50503 SET NAMES utf8 */;
/*!40103 SET @OLD_TIME_ZONE=@@TIME_ZONE */;
/*!40103 SET TIME_ZONE='+00:00' */;
/*!40014 SET @OLD_UNIQUE_CHECKS=@@UNIQUE_CHECKS, UNIQUE_CHECKS=0 */;
/*!40014 SET @OLD_FOREIGN_KEY_CHECKS=@@FOREIGN_KEY_CHECKS, FOREIGN_KEY_CHECKS=0 */;
/*!40101 SET @OLD_SQL_MODE=@@SQL_MODE, SQL_MODE='NO_AUTO_VALUE_ON_ZERO' */;
/*!40111 SET @OLD_SQL_NOTES=@@SQL_NOTES, SQL_NOTES=0 */;

--
-- Table structure for table `assembles`
--

DROP TABLE IF EXISTS `assembles`;
/*!40101 SET @saved_cs_client     = @@character_set_client */;
/*!50503 SET character_set_client = utf8mb4 */;
CREATE TABLE `assembles` (
  `team` int(11) NOT NULL,
  `product` int(11) NOT NULL,
  PRIMARY KEY (`team`,`product`),
  KEY `productCostraintAssembles_idx` (`product`),
  CONSTRAINT `productCostraintAssembles` FOREIGN KEY (`product`) REFERENCES `product` (`IDproduct`) ON DELETE CASCADE ON UPDATE CASCADE,
  CONSTRAINT `teamCostraintAssembles` FOREIGN KEY (`team`) REFERENCES `team` (`IDteam`) ON DELETE CASCADE ON UPDATE CASCADE
) ENGINE=InnoDB DEFAULT CHARSET=utf8mb4 COLLATE=utf8mb4_0900_ai_ci;
/*!40101 SET character_set_client = @saved_cs_client */;

--
-- Dumping data for table `assembles`
--

LOCK TABLES `assembles` WRITE;
/*!40000 ALTER TABLE `assembles` DISABLE KEYS */;
INSERT INTO `assembles` VALUES (1,1),(1,2),(1,3),(1,4),(1,5),(1,6),(1,7),(1,8),(1,9),(1,10),(1,11),(1,12),(1,13),(1,14),(1,15),(1,16),(1,17),(1,18),(1,19),(1,20),(1,21),(1,22),(2,23),(2,24),(2,25),(2,26),(2,27),(2,28),(2,29),(2,30),(2,31),(2,32),(2,33),(2,34),(2,35),(2,36),(2,37),(2,38),(2,39),(2,40),(2,41),(2,42),(2,43),(2,44),(2,45),(2,46),(2,47),(2,48),(2,49),(3,50),(3,51),(3,52),(3,53),(3,54),(3,55),(3,56),(3,57),(3,58),(3,59),(3,60),(3,61),(3,62),(3,63),(3,64),(3,65),(3,66),(3,67),(3,68),(3,69),(3,70),(3,71),(3,72),(3,73),(4,74),(4,75),(4,76),(4,77),(4,78),(4,79),(4,80),(4,81),(4,82),(4,83),(4,84),(4,85),(4,86),(4,87),(4,88),(4,89),(4,90),(4,91),(4,92),(4,93),(4,94),(4,95),(4,96),(4,97),(4,98),(4,99),(4,100),(4,101),(4,102),(4,103),(4,104),(4,105),(4,106),(4,107),(4,108),(4,109),(1,110),(1,111),(1,112),(1,113),(1,114),(1,115),(1,116),(1,117),(1,118),(1,119),(1,120),(1,121),(1,122),(1,123),(1,124),(1,125),(1,126),(1,127),(1,128),(1,129),(1,130),(1,131),(1,132),(1,133),(1,134),(1,135),(1,136),(1,137);
/*!40000 ALTER TABLE `assembles` ENABLE KEYS */;
UNLOCK TABLES;

--
-- Table structure for table `component`
--

DROP TABLE IF EXISTS `component`;
/*!40101 SET @saved_cs_client     = @@character_set_client */;
/*!50503 SET character_set_client = utf8mb4 */;
CREATE TABLE `component` (
  `IDcomponent` int(11) NOT NULL AUTO_INCREMENT,
  `componentName` varchar(45) NOT NULL,
  `componentDescription` varchar(45) NOT NULL,
  `componentAvailability` tinyint(1) NOT NULL,
  PRIMARY KEY (`IDcomponent`)
) ENGINE=InnoDB AUTO_INCREMENT=502 DEFAULT CHARSET=utf8mb4 COLLATE=utf8mb4_0900_ai_ci;
/*!40101 SET character_set_client = @saved_cs_client */;

--
-- Dumping data for table `component`
--

LOCK TABLES `component` WRITE;
/*!40000 ALTER TABLE `component` DISABLE KEYS */;
INSERT INTO `component` VALUES (1,'rubberband','A rubber band',14),(2,'rubberband','A rubber band',14),(3,'rubberband','A rubber band',14),(4,'rubberband','A rubber band',14),(5,'rubberband','A rubber band',14),(6,'rubberband','A rubber band',14),(7,'rubberband','A rubber band',14),(8,'rubberband','A rubber band',14),(9,'rubberband','A rubber band',14),(10,'rubberband','A rubber band',14),(11,'rubberband','A rubber band',14),(12,'rubberband','A rubber band',14),(13,'rubberband','A rubber band',14),(14,'rubberband','A rubber band',14),(15,'rubberband','A rubber band',14),(16,'rubberband','A rubber band',14),(17,'rubberband','A rubber band',14),(18,'rubberband','A rubber band',14),(19,'rubberband','A rubber band',14),(20,'rubberband','A rubber band',14),(21,'rubberband','A rubber band',14),(22,'rubberband','A rubber band',14),(23,'rubberband','A rubber band',14),(24,'rubberband','A rubber band',14),(25,'rubberband','A rubber band',14),(26,'rubberband','A rubber band',14),(27,'rubberband','A rubber band',14),(28,'rubberband','A rubber band',14),(29,'rubberband','A rubber band',14),(30,'rubberband','A rubber band',14),(31,'rubberband','A rubber band',14),(32,'rubberband','A rubber band',14),(33,'rubberband','A rubber band',14),(34,'rubberband','A rubber band',14),(35,'rubberband','A rubber band',14),(36,'rubberband','A rubber band',14),(37,'display2d5i','A 2.5\" LCD Display',4),(38,'display2d5i','A 2.5\" LCD Display',4),(39,'display2d5i','A 2.5\" LCD Display',4),(40,'display2d5i','A 2.5\" LCD Display',4),(41,'display2d5i','A 2.5\" LCD Display',4),(42,'display2d5i','A 2.5\" LCD Display',4),(43,'display2d5i','A 2.5\" LCD Display',4),(44,'display2d5i','A 2.5\" LCD Display',4),(45,'display2d5i','A 2.5\" LCD Display',4),(46,'display2d5i','A 2.5\" LCD Display',4),(47,'display2d5i','A 2.5\" LCD Display',4),(48,'display2d5i','A 2.5\" LCD Display',4),(49,'display2d5i','A 2.5\" LCD Display',4),(50,'display2d5i','A 2.5\" LCD Display',4),(51,'display2d5i','A 2.5\" LCD Display',4),(52,'display2d5i','A 2.5\" LCD Display',4),(53,'display2d5i','A 2.5\" LCD Display',4),(54,'display2d5i','A 2.5\" LCD Display',4),(55,'display2d5i','A 2.5\" LCD Display',4),(56,'display2d5i','A 2.5\" LCD Display',4),(57,'display2d5i','A 2.5\" LCD Display',4),(58,'display2d5i','A 2.5\" LCD Display',4),(59,'display2d5i','A 2.5\" LCD Display',4),(60,'display2d5i','A 2.5\" LCD Display',4),(61,'display2d5i','A 2.5\" LCD Display',4),(62,'display2d5i','A 2.5\" LCD Display',4),(63,'display2d5i','A 2.5\" LCD Display',4),(64,'CortexM3','ARM Low-Power SoC',47),(65,'CortexM3','ARM Low-Power SoC',47),(66,'CortexM3','ARM Low-Power SoC',47),(67,'CortexM3','ARM Low-Power SoC',47),(68,'CortexM3','ARM Low-Power SoC',47),(69,'CortexM3','ARM Low-Power SoC',47),(70,'CortexM3','ARM Low-Power SoC',47),(71,'CortexM3','ARM Low-Power SoC',47),(72,'CortexM3','ARM Low-Power SoC',47),(73,'CortexM3','ARM Low-Power SoC',47),(74,'CortexM3','ARM Low-Power SoC',47),(75,'CortexM3','ARM Low-Power SoC',47),(76,'CortexM3','ARM Low-Power SoC',47),(77,'CortexM3','ARM Low-Power SoC',47),(78,'CortexM3','ARM Low-Power SoC',47),(79,'CortexM3','ARM Low-Power SoC',47),(80,'CortexM3','ARM Low-Power SoC',47),(81,'CortexM3','ARM Low-Power SoC',47),(82,'CortexM3','ARM Low-Power SoC',47),(83,'CortexM3','ARM Low-Power SoC',47),(84,'CortexM3','ARM Low-Power SoC',47),(85,'CortexM3','ARM Low-Power SoC',47),(86,'CortexM3','ARM Low-Power SoC',47),(87,'CortexM3','ARM Low-Power SoC',47),(88,'CortexM3','ARM Low-Power SoC',47),(89,'CortexM3','ARM Low-Power SoC',47),(90,'CortexM3','ARM Low-Power SoC',47),(91,'CortexM3','ARM Low-Power SoC',47),(92,'CortexM3','ARM Low-Power SoC',47),(93,'CortexM3','ARM Low-Power SoC',47),(94,'CortexM3','ARM Low-Power SoC',47),(95,'CortexM3','ARM Low-Power SoC',47),(96,'CortexM3','ARM Low-Power SoC',47),(97,'CortexM3','ARM Low-Power SoC',47),(98,'CortexM3','ARM Low-Power SoC',47),(99,'CortexM3','ARM Low-Power SoC',47),(100,'CortexM3','ARM Low-Power SoC',47),(101,'CortexM3','ARM Low-Power SoC',47),(102,'CortexM3','ARM Low-Power SoC',47),(103,'CortexM3','ARM Low-Power SoC',47),(104,'CortexM3','ARM Low-Power SoC',47),(105,'CortexM3','ARM Low-Power SoC',47),(106,'CortexM3','ARM Low-Power SoC',47),(107,'CortexM3','ARM Low-Power SoC',47),(108,'CortexM3','ARM Low-Power SoC',47),(109,'CortexM3','ARM Low-Power SoC',47),(110,'CortexM3','ARM Low-Power SoC',47),(111,'CortexM3','ARM Low-Power SoC',47),(112,'CortexM3','ARM Low-Power SoC',47),(113,'CortexM3','ARM Low-Power SoC',47),(114,'CortexM3','ARM Low-Power SoC',47),(115,'CortexM3','ARM Low-Power SoC',47),(116,'CortexM3','ARM Low-Power SoC',47),(117,'CortexM3','ARM Low-Power SoC',47),(118,'CortexM3','ARM Low-Power SoC',47),(119,'CortexM3','ARM Low-Power SoC',47),(120,'CortexM3','ARM Low-Power SoC',47),(121,'CortexM3','ARM Low-Power SoC',47),(122,'CortexM3','ARM Low-Power SoC',47),(123,'CortexM3','ARM Low-Power SoC',47),(124,'CortexM3','ARM Low-Power SoC',47),(125,'CortexM3','ARM Low-Power SoC',47),(126,'CortexM3','ARM Low-Power SoC',47),(127,'CortexM3','ARM Low-Power SoC',47),(128,'CortexM3','ARM Low-Power SoC',47),(129,'CortexM3','ARM Low-Power SoC',47),(130,'CortexM3','ARM Low-Power SoC',47),(131,'CortexM3','ARM Low-Power SoC',47),(132,'CortexM3','ARM Low-Power SoC',47),(133,'CortexM3','ARM Low-Power SoC',47),(134,'CortexM3','ARM Low-Power SoC',47),(135,'CortexM3','ARM Low-Power SoC',47),(136,'lock','A Mechanical Lock',9),(137,'lock','A Mechanical Lock',9),(138,'lock','A Mechanical Lock',9),(139,'lock','A Mechanical Lock',9),(140,'lock','A Mechanical Lock',9),(141,'lock','A Mechanical Lock',9),(142,'lock','A Mechanical Lock',9),(143,'lock','A Mechanical Lock',9),(144,'lock','A Mechanical Lock',9),(145,'lock','A Mechanical Lock',9),(146,'lock','A Mechanical Lock',9),(147,'lock','A Mechanical Lock',9),(148,'lock','A Mechanical Lock',9),(149,'lock','A Mechanical Lock',9),(150,'lock','A Mechanical Lock',9),(151,'lock','A Mechanical Lock',9),(152,'lock','A Mechanical Lock',9),(153,'lock','A Mechanical Lock',9),(154,'lock','A Mechanical Lock',9),(155,'lock','A Mechanical Lock',9),(156,'lock','A Mechanical Lock',9),(157,'lock','A Mechanical Lock',9),(158,'lock','A Mechanical Lock',9),(159,'lock','A Mechanical Lock',9),(160,'lock','A Mechanical Lock',9),(161,'lock','A Mechanical Lock',9),(162,'lock','A Mechanical Lock',9),(163,'lock','A Mechanical Lock',9),(164,'lock','A Mechanical Lock',9),(165,'lock','A Mechanical Lock',9),(166,'lock','A Mechanical Lock',9),(167,'lock','A Mechanical Lock',9),(168,'lock','A Mechanical Lock',9),(169,'lock','A Mechanical Lock',9),(170,'lock','A Mechanical Lock',9),(171,'lock','A Mechanical Lock',9),(172,'touchpad','A Numeric Touchpad',4),(173,'touchpad','A Numeric Touchpad',4),(174,'touchpad','A Numeric Touchpad',4),(175,'touchpad','A Numeric Touchpad',4),(176,'touchpad','A Numeric Touchpad',4),(177,'touchpad','A Numeric Touchpad',4),(178,'touchpad','A Numeric Touchpad',4),(179,'touchpad','A Numeric Touchpad',4),(180,'touchpad','A Numeric Touchpad',4),(181,'touchpad','A Numeric Touchpad',4),(182,'touchpad','A Numeric Touchpad',4),(183,'touchpad','A Numeric Touchpad',4),(184,'touchpad','A Numeric Touchpad',4),(185,'touchpad','A Numeric Touchpad',4),(186,'touchpad','A Numeric Touchpad',4),(187,'touchpad','A Numeric Touchpad',4),(188,'touchpad','A Numeric Touchpad',4),(189,'touchpad','A Numeric Touchpad',4),(190,'touchpad','A Numeric Touchpad',4),(191,'touchpad','A Numeric Touchpad',4),(192,'touchpad','A Numeric Touchpad',4),(193,'touchpad','A Numeric Touchpad',4),(194,'touchpad','A Numeric Touchpad',4),(195,'touchpad','A Numeric Touchpad',4),(196,'touchpad','A Numeric Touchpad',4),(197,'touchpad','A Numeric Touchpad',4),(198,'touchpad','A Numeric Touchpad',4),(199,'touchpad','A Numeric Touchpad',4),(200,'touchpad','A Numeric Touchpad',4),(201,'touchpad','A Numeric Touchpad',4),(202,'touchpad','A Numeric Touchpad',4),(203,'doorbell','A doorbell with a button',12),(204,'doorbell','A doorbell with a button',12),(205,'doorbell','A doorbell with a button',12),(206,'doorbell','A doorbell with a button',12),(207,'doorbell','A doorbell with a button',12),(208,'doorbell','A doorbell with a button',12),(209,'doorbell','A doorbell with a button',12),(210,'doorbell','A doorbell with a button',12),(211,'doorbell','A doorbell with a button',12),(212,'doorbell','A doorbell with a button',12),(213,'doorbell','A doorbell with a button',12),(214,'doorbell','A doorbell with a button',12),(215,'doorbell','A doorbell with a button',12),(216,'doorbell','A doorbell with a button',12),(217,'doorbell','A doorbell with a button',12),(218,'doorbell','A doorbell with a button',12),(219,'doorbell','A doorbell with a button',12),(220,'doorbell','A doorbell with a button',12),(221,'doorbell','A doorbell with a button',12),(222,'doorbell','A doorbell with a button',12),(223,'doorbell','A doorbell with a button',12),(224,'doorbell','A doorbell with a button',12),(225,'doorbell','A doorbell with a button',12),(226,'doorbell','A doorbell with a button',12),(227,'doorbell','A doorbell with a button',12),(228,'doorbell','A doorbell with a button',12),(229,'doorbell','A doorbell with a button',12),(230,'doorbell','A doorbell with a button',12),(231,'doorbell','A doorbell with a button',12),(232,'doorbell','A doorbell with a button',12),(233,'doorbell','A doorbell with a button',12),(234,'doorbell','A doorbell with a button',12),(235,'doorbell','A doorbell with a button',12),(236,'doorbell','A doorbell with a button',12),(237,'doorbell','A doorbell with a button',12),(238,'doorbell','A doorbell with a button',12),(239,'display4i','A 4\" LCD Display',8),(240,'display4i','A 4\" LCD Display',8),(241,'display4i','A 4\" LCD Display',8),(242,'display4i','A 4\" LCD Display',8),(243,'display4i','A 4\" LCD Display',8),(244,'display4i','A 4\" LCD Display',8),(245,'display4i','A 4\" LCD Display',8),(246,'display4i','A 4\" LCD Display',8),(247,'display4i','A 4\" LCD Display',8),(248,'display4i','A 4\" LCD Display',8),(249,'display4i','A 4\" LCD Display',8),(250,'display4i','A 4\" LCD Display',8),(251,'display4i','A 4\" LCD Display',8),(252,'display4i','A 4\" LCD Display',8),(253,'display4i','A 4\" LCD Display',8),(254,'display4i','A 4\" LCD Display',8),(255,'display4i','A 4\" LCD Display',8),(256,'display4i','A 4\" LCD Display',8),(257,'display4i','A 4\" LCD Display',8),(258,'display4i','A 4\" LCD Display',8),(259,'display4i','A 4\" LCD Display',8),(260,'display4i','A 4\" LCD Display',8),(261,'display4i','A 4\" LCD Display',8),(262,'display4i','A 4\" LCD Display',8),(263,'display4i','A 4\" LCD Display',8),(264,'display4i','A 4\" LCD Display',8),(265,'display4i','A 4\" LCD Display',8),(266,'display4i','A 4\" LCD Display',8),(267,'display4i','A 4\" LCD Display',8),(268,'display4i','A 4\" LCD Display',8),(269,'display4i','A 4\" LCD Display',8),(270,'display4i','A 4\" LCD Display',8),(271,'CortexM7','ARM SoC with hardware acceleration',6),(272,'CortexM7','ARM SoC with hardware acceleration',6),(273,'CortexM7','ARM SoC with hardware acceleration',6),(274,'CortexM7','ARM SoC with hardware acceleration',6),(275,'CortexM7','ARM SoC with hardware acceleration',6),(276,'CortexM7','ARM SoC with hardware acceleration',6),(277,'CortexM7','ARM SoC with hardware acceleration',6),(278,'CortexM7','ARM SoC with hardware acceleration',6),(279,'CortexM7','ARM SoC with hardware acceleration',6),(280,'CortexM7','ARM SoC with hardware acceleration',6),(281,'CortexM7','ARM SoC with hardware acceleration',6),(282,'CortexM7','ARM SoC with hardware acceleration',6),(283,'CortexM7','ARM SoC with hardware acceleration',6),(284,'CortexM7','ARM SoC with hardware acceleration',6),(285,'CortexM7','ARM SoC with hardware acceleration',6),(286,'CortexM7','ARM SoC with hardware acceleration',6),(287,'CortexM7','ARM SoC with hardware acceleration',6),(288,'CortexM7','ARM SoC with hardware acceleration',6),(289,'CortexM7','ARM SoC with hardware acceleration',6),(290,'CortexM7','ARM SoC with hardware acceleration',6),(291,'CortexM7','ARM SoC with hardware acceleration',6),(292,'CortexM7','ARM SoC with hardware acceleration',6),(293,'CortexM7','ARM SoC with hardware acceleration',6),(294,'CortexM7','ARM SoC with hardware acceleration',6),(295,'CortexM7','ARM SoC with hardware acceleration',6),(296,'CortexM7','ARM SoC with hardware acceleration',6),(297,'CortexM7','ARM SoC with hardware acceleration',6),(298,'CortexM7','ARM SoC with hardware acceleration',6),(299,'CortexM7','ARM SoC with hardware acceleration',6),(300,'CortexM7','ARM SoC with hardware acceleration',6),(302,'lightbulb','A low power light bulb',22),(303,'lightbulb','A low power light bulb',22),(304,'lightbulb','A low power light bulb',22),(305,'lightbulb','A low power light bulb',22),(306,'lightbulb','A low power light bulb',22),(307,'lightbulb','A low power light bulb',22),(308,'lightbulb','A low power light bulb',22),(309,'lightbulb','A low power light bulb',22),(310,'lightbulb','A low power light bulb',22),(311,'lightbulb','A low power light bulb',22),(312,'lightbulb','A low power light bulb',22),(313,'lightbulb','A low power light bulb',22),(314,'lightbulb','A low power light bulb',22),(315,'lightbulb','A low power light bulb',22),(316,'lightbulb','A low power light bulb',22),(317,'lightbulb','A low power light bulb',22),(318,'lightbulb','A low power light bulb',22),(319,'lightbulb','A low power light bulb',22),(320,'lightbulb','A low power light bulb',22),(321,'lightbulb','A low power light bulb',22),(322,'lightbulb','A low power light bulb',22),(323,'lightbulb','A low power light bulb',22),(324,'lightbulb','A low power light bulb',22),(325,'lightbulb','A low power light bulb',22),(326,'lightbulb','A low power light bulb',22),(327,'lightbulb','A low power light bulb',22),(328,'lightbulb','A low power light bulb',22),(329,'lightbulb','A low power light bulb',22),(330,'lightbulb','A low power light bulb',22),(331,'lightbulb','A low power light bulb',22),(332,'lightbulb','A low power light bulb',22),(333,'lightbulb','A low power light bulb',22),(334,'lightbulb','A low power light bulb',22),(335,'lightbulb','A low power light bulb',22),(336,'lightbulb','A low power light bulb',22),(337,'lightbulb','A low power light bulb',22),(338,'lightbulb','A low power light bulb',22),(339,'lightbulb','A low power light bulb',22),(340,'lightbulb','A low power light bulb',22),(341,'lightbulb','A low power light bulb',22),(342,'lightbulb','A low power light bulb',22),(343,'lightbulb','A low power light bulb',22),(344,'lightbulb','A low power light bulb',22),(345,'lightbulb','A low power light bulb',22),(346,'lightbulb','A low power light bulb',22),(347,'lightbulb','A low power light bulb',22),(348,'lightbulb','A low power light bulb',22),(349,'lightbulb','A low power light bulb',22),(350,'lightbulb','A low power light bulb',22),(351,'lightbulb','A low power light bulb',22),(352,'lightbulb','A low power light bulb',22),(353,'lightbulb','A low power light bulb',22),(354,'lightbulb','A low power light bulb',22),(355,'lightbulb','A low power light bulb',22),(356,'lightbulb','A low power light bulb',22),(357,'lightbulb','A low power light bulb',22),(359,'CortexM1','ARM ultra-low-power SoC',9),(360,'CortexM1','ARM ultra-low-power SoC',9),(361,'CortexM1','ARM ultra-low-power SoC',9),(362,'CortexM1','ARM ultra-low-power SoC',9),(363,'CortexM1','ARM ultra-low-power SoC',9),(364,'CortexM1','ARM ultra-low-power SoC',9),(365,'CortexM1','ARM ultra-low-power SoC',9),(366,'CortexM1','ARM ultra-low-power SoC',9),(367,'CortexM1','ARM ultra-low-power SoC',9),(368,'CortexM1','ARM ultra-low-power SoC',9),(369,'CortexM1','ARM ultra-low-power SoC',9),(370,'CortexM1','ARM ultra-low-power SoC',9),(371,'CortexM1','ARM ultra-low-power SoC',9),(372,'CortexM1','ARM ultra-low-power SoC',9),(373,'CortexM1','ARM ultra-low-power SoC',9),(374,'CortexM1','ARM ultra-low-power SoC',9),(375,'CortexM1','ARM ultra-low-power SoC',9),(376,'CortexM1','ARM ultra-low-power SoC',9),(377,'CortexM1','ARM ultra-low-power SoC',9),(378,'CortexM1','ARM ultra-low-power SoC',9),(379,'CortexM1','ARM ultra-low-power SoC',9),(380,'CortexM1','ARM ultra-low-power SoC',9),(381,'CortexM1','ARM ultra-low-power SoC',9),(382,'CortexM1','ARM ultra-low-power SoC',9),(383,'CortexM1','ARM ultra-low-power SoC',9),(384,'CortexM1','ARM ultra-low-power SoC',9),(385,'CortexM1','ARM ultra-low-power SoC',9),(386,'CortexM1','ARM ultra-low-power SoC',9),(387,'CortexM1','ARM ultra-low-power SoC',9),(388,'CortexM1','ARM ultra-low-power SoC',9),(389,'CortexM1','ARM ultra-low-power SoC',9),(390,'CortexM1','ARM ultra-low-power SoC',9),(391,'CortexM1','ARM ultra-low-power SoC',9),(392,'CortexM1','ARM ultra-low-power SoC',9),(393,'CortexM1','ARM ultra-low-power SoC',9),(394,'CortexM1','ARM ultra-low-power SoC',9),(395,'CortexM1','ARM ultra-low-power SoC',9),(396,'CortexM1','ARM ultra-low-power SoC',9),(397,'CortexM1','ARM ultra-low-power SoC',9),(398,'CortexM1','ARM ultra-low-power SoC',9),(399,'CortexM1','ARM ultra-low-power SoC',9),(400,'CortexM1','ARM ultra-low-power SoC',9),(401,'CortexM1','ARM ultra-low-power SoC',9),(402,'CortexM1','ARM ultra-low-power SoC',9),(403,'CortexM1','ARM ultra-low-power SoC',9),(404,'thermostat','A thermostat reading temperature and humidity',15),(405,'thermostat','A thermostat reading temperature and humidity',15),(406,'thermostat','A thermostat reading temperature and humidity',15),(407,'thermostat','A thermostat reading temperature and humidity',15),(408,'thermostat','A thermostat reading temperature and humidity',15),(409,'thermostat','A thermostat reading temperature and humidity',15),(410,'thermostat','A thermostat reading temperature and humidity',15),(411,'thermostat','A thermostat reading temperature and humidity',15),(412,'thermostat','A thermostat reading temperature and humidity',15),(413,'thermostat','A thermostat reading temperature and humidity',15),(414,'thermostat','A thermostat reading temperature and humidity',15),(415,'thermostat','A thermostat reading temperature and humidity',15),(416,'thermostat','A thermostat reading temperature and humidity',15),(417,'thermostat','A thermostat reading temperature and humidity',15),(418,'thermostat','A thermostat reading temperature and humidity',15),(419,'thermostat','A thermostat reading temperature and humidity',15),(420,'thermostat','A thermostat reading temperature and humidity',15),(421,'thermostat','A thermostat reading temperature and humidity',15),(422,'thermostat','A thermostat reading temperature and humidity',15),(423,'thermostat','A thermostat reading temperature and humidity',15),(424,'thermostat','A thermostat reading temperature and humidity',15),(425,'thermostat','A thermostat reading temperature and humidity',15),(426,'thermostat','A thermostat reading temperature and humidity',15),(427,'thermostat','A thermostat reading temperature and humidity',15),(428,'thermostat','A thermostat reading temperature and humidity',15),(429,'thermostat','A thermostat reading temperature and humidity',15),(430,'thermostat','A thermostat reading temperature and humidity',15),(431,'thermostat','A thermostat reading temperature and humidity',15),(432,'thermostat','A thermostat reading temperature and humidity',15),(433,'thermostat','A thermostat reading temperature and humidity',15),(434,'thermostat','A thermostat reading temperature and humidity',15),(435,'thermostat','A thermostat reading temperature and humidity',15),(436,'thermostat','A thermostat reading temperature and humidity',15),(437,'thermostat','A thermostat reading temperature and humidity',15),(438,'thermostat','A thermostat reading temperature and humidity',15),(439,'thermostat','A thermostat reading temperature and humidity',15),(440,'thermostat','A thermostat reading temperature and humidity',15),(441,'thermostat','A thermostat reading temperature and humidity',15),(442,'thermostat','A thermostat reading temperature and humidity',15),(443,'thermostat','A thermostat reading temperature and humidity',15),(444,'thermostat','A thermostat reading temperature and humidity',15),(445,'thermostat','A thermostat reading temperature and humidity',15),(446,'CortexM3','ARM Low-Power SoC',47),(447,'CortexM3','ARM Low-Power SoC',47),(448,'CortexM3','ARM Low-Power SoC',47),(449,'CortexM3','ARM Low-Power SoC',47),(450,'CortexM3','ARM Low-Power SoC',47),(451,'CortexM3','ARM Low-Power SoC',47),(452,'CortexM3','ARM Low-Power SoC',47),(453,'CortexM3','ARM Low-Power SoC',47),(454,'CortexM3','ARM Low-Power SoC',47),(455,'CortexM3','ARM Low-Power SoC',47),(456,'CortexM3','ARM Low-Power SoC',47),(457,'CortexM3','ARM Low-Power SoC',47),(458,'CortexM3','ARM Low-Power SoC',47),(459,'CortexM3','ARM Low-Power SoC',47),(460,'CortexM3','ARM Low-Power SoC',47),(461,'CortexM3','ARM Low-Power SoC',47),(462,'CortexM3','ARM Low-Power SoC',47),(463,'CortexM3','ARM Low-Power SoC',47),(464,'CortexM3','ARM Low-Power SoC',47),(465,'CortexM3','ARM Low-Power SoC',47),(466,'CortexM3','ARM Low-Power SoC',47),(467,'CortexM3','ARM Low-Power SoC',47),(468,'CortexM3','ARM Low-Power SoC',47),(469,'CortexM3','ARM Low-Power SoC',47),(470,'CortexM3','ARM Low-Power SoC',47),(471,'CortexM3','ARM Low-Power SoC',47),(472,'CortexM3','ARM Low-Power SoC',47),(473,'CortexM3','ARM Low-Power SoC',47),(474,'display4i','A 4\" LCD Display',8),(475,'display4i','A 4\" LCD Display',8),(476,'display4i','A 4\" LCD Display',8),(477,'display4i','A 4\" LCD Display',8),(478,'display4i','A 4\" LCD Display',8),(479,'display4i','A 4\" LCD Display',8),(480,'display4i','A 4\" LCD Display',8),(481,'display4i','A 4\" LCD Display',8),(482,'display4i','A 4\" LCD Display',8),(483,'display4i','A 4\" LCD Display',8),(484,'display4i','A 4\" LCD Display',8),(485,'display4i','A 4\" LCD Display',8),(486,'display4i','A 4\" LCD Display',8),(487,'display4i','A 4\" LCD Display',8),(488,'display4i','A 4\" LCD Display',8),(489,'display4i','A 4\" LCD Display',8),(490,'display4i','A 4\" LCD Display',8),(491,'display4i','A 4\" LCD Display',8),(492,'display4i','A 4\" LCD Display',8),(493,'display4i','A 4\" LCD Display',8),(494,'display4i','A 4\" LCD Display',8),(495,'display4i','A 4\" LCD Display',8),(496,'display4i','A 4\" LCD Display',8),(497,'display4i','A 4\" LCD Display',8),(498,'display4i','A 4\" LCD Display',8),(499,'display4i','A 4\" LCD Display',8),(500,'display4i','A 4\" LCD Display',8),(501,'display4i','A 4\" LCD Display',8);
/*!40000 ALTER TABLE `component` ENABLE KEYS */;
UNLOCK TABLES;

--
-- Table structure for table `composes`
--

DROP TABLE IF EXISTS `composes`;
/*!40101 SET @saved_cs_client     = @@character_set_client */;
/*!50503 SET character_set_client = utf8mb4 */;
CREATE TABLE `composes` (
  `component` int(11) NOT NULL,
  `product` int(11) NOT NULL,
  PRIMARY KEY (`component`,`product`),
  KEY `productCostraint_idx` (`product`),
  CONSTRAINT `componentCostraint` FOREIGN KEY (`component`) REFERENCES `component` (`IDcomponent`) ON DELETE CASCADE ON UPDATE CASCADE,
  CONSTRAINT `productCostraint` FOREIGN KEY (`product`) REFERENCES `product` (`IDproduct`) ON DELETE CASCADE ON UPDATE CASCADE
) ENGINE=InnoDB DEFAULT CHARSET=utf8mb4 COLLATE=utf8mb4_0900_ai_ci;
/*!40101 SET character_set_client = @saved_cs_client */;

--
-- Dumping data for table `composes`
--

LOCK TABLES `composes` WRITE;
/*!40000 ALTER TABLE `composes` DISABLE KEYS */;
INSERT INTO `composes` VALUES (1,1),(37,1),(64,1),(2,2),(38,2),(65,2),(3,3),(39,3),(66,3),(4,4),(40,4),(67,4),(5,5),(41,5),(68,5),(6,6),(42,6),(69,6),(7,7),(43,7),(70,7),(8,8),(44,8),(71,8),(9,9),(45,9),(72,9),(10,10),(46,10),(73,10),(11,11),(47,11),(74,11),(12,12),(48,12),(75,12),(13,13),(49,13),(76,13),(14,14),(50,14),(77,14),(15,15),(51,15),(78,15),(16,16),(52,16),(79,16),(17,17),(53,17),(80,17),(18,18),(54,18),(81,18),(19,19),(55,19),(82,19),(20,20),(56,20),(83,20),(21,21),(57,21),(84,21),(22,22),(58,22),(85,22),(86,23),(136,23),(172,23),(87,24),(137,24),(173,24),(88,25),(138,25),(174,25),(89,26),(139,26),(175,26),(90,27),(140,27),(176,27),(91,28),(141,28),(177,28),(92,29),(142,29),(178,29),(93,30),(143,30),(179,30),(94,31),(144,31),(180,31),(95,32),(145,32),(181,32),(96,33),(146,33),(182,33),(97,34),(147,34),(183,34),(98,35),(148,35),(184,35),(99,36),(149,36),(185,36),(100,37),(150,37),(186,37),(101,38),(151,38),(187,38),(102,39),(152,39),(188,39),(103,40),(153,40),(189,40),(104,41),(154,41),(190,41),(105,42),(155,42),(191,42),(106,43),(156,43),(192,43),(107,44),(157,44),(193,44),(108,45),(158,45),(194,45),(109,46),(159,46),(195,46),(110,47),(160,47),(196,47),(111,48),(161,48),(197,48),(112,49),(162,49),(198,49),(203,50),(239,50),(271,50),(204,51),(240,51),(272,51),(205,52),(241,52),(273,52),(206,53),(242,53),(274,53),(207,54),(243,54),(275,54),(208,55),(244,55),(276,55),(209,56),(245,56),(277,56),(210,57),(246,57),(278,57),(211,58),(247,58),(279,58),(212,59),(248,59),(280,59),(213,60),(249,60),(281,60),(214,61),(250,61),(282,61),(215,62),(251,62),(283,62),(216,63),(252,63),(284,63),(217,64),(253,64),(285,64),(218,65),(254,65),(286,65),(219,66),(255,66),(287,66),(220,67),(256,67),(288,67),(221,68),(257,68),(289,68),(222,69),(258,69),(290,69),(223,70),(259,70),(291,70),(224,71),(260,71),(292,71),(225,72),(261,72),(293,72),(226,73),(262,73),(294,73),(302,74),(359,74),(303,75),(360,75),(304,76),(361,76),(305,77),(362,77),(306,78),(363,78),(307,79),(364,79),(308,80),(365,80),(309,81),(366,81),(310,82),(367,82),(311,83),(368,83),(312,84),(369,84),(313,85),(370,85),(314,86),(371,86),(315,87),(372,87),(316,88),(373,88),(317,89),(374,89),(318,90),(375,90),(319,91),(376,91),(320,92),(377,92),(321,93),(378,93),(322,94),(379,94),(323,95),(380,95),(324,96),(381,96),(325,97),(382,97),(326,98),(383,98),(327,99),(384,99),(328,100),(385,100),(329,101),(386,101),(330,102),(387,102),(331,103),(388,103),(332,104),(389,104),(333,105),(390,105),(334,106),(391,106),(335,107),(392,107),(336,108),(393,108),(337,109),(394,109),(404,110),(446,110),(474,110),(405,111),(447,111),(475,111),(406,112),(448,112),(476,112),(407,113),(449,113),(477,113),(408,114),(450,114),(478,114),(409,115),(451,115),(479,115),(410,116),(452,116),(480,116),(411,117),(453,117),(481,117),(412,118),(454,118),(482,118),(413,119),(455,119),(483,119),(414,120),(456,120),(484,120),(415,121),(457,121),(485,121),(416,122),(458,122),(486,122),(417,123),(459,123),(487,123),(418,124),(460,124),(488,124),(419,125),(461,125),(489,125),(420,126),(462,126),(490,126),(421,127),(463,127),(491,127),(422,128),(464,128),(492,128),(423,129),(465,129),(493,129),(424,130),(466,130),(494,130),(425,131),(467,131),(495,131),(426,132),(468,132),(496,132),(427,133),(469,133),(497,133),(428,134),(470,134),(498,134),(429,135),(471,135),(499,135),(430,136),(472,136),(500,136),(431,137),(473,137),(501,137);
/*!40000 ALTER TABLE `composes` ENABLE KEYS */;
UNLOCK TABLES;

--
-- Table structure for table `customer`
--

DROP TABLE IF EXISTS `customer`;
/*!40101 SET @saved_cs_client     = @@character_set_client */;
/*!50503 SET character_set_client = utf8mb4 */;
CREATE TABLE `customer` (
  `IDcustomer` varchar(45) NOT NULL,
  `address` varchar(45) NOT NULL,
  PRIMARY KEY (`IDcustomer`),
  CONSTRAINT `customerCostraintUser` FOREIGN KEY (`IDcustomer`) REFERENCES `user` (`username`) ON DELETE CASCADE ON UPDATE CASCADE
) ENGINE=InnoDB DEFAULT CHARSET=utf8mb4 COLLATE=utf8mb4_0900_ai_ci;
/*!40101 SET character_set_client = @saved_cs_client */;

--
-- Dumping data for table `customer`
--

LOCK TABLES `customer` WRITE;
/*!40000 ALTER TABLE `customer` DISABLE KEYS */;
INSERT INTO `customer` VALUES ('adri','Boston'),('amy','New York'),('anto83','San Francisco'),('betty','Dallas'),('brad','New Orleans'),('Dani','Greenville'),('david91','Phoenix'),('Dia','Florence'),('donny','Douglas'),('eth','Mesa'),('Gabriel','Pine Bluff'),('imanne','Beverly Hills'),('james96','New York'),('laura','Hollywood'),('lisa','Boston'),('lola','Washington'),('magicBob','Richmond'),('Marianne','San Jose'),('matty','San Francisco'),('PaulPaul','Manchester'),('Philip','Miami'),('ralph68','Chicago'),('Sarah','New York'),('soJenny','Boston'),('timJ','Washington'),('Vince','Panama City');
/*!40000 ALTER TABLE `customer` ENABLE KEYS */;
UNLOCK TABLES;

--
-- Table structure for table `employee`
--

DROP TABLE IF EXISTS `employee`;
/*!40101 SET @saved_cs_client     = @@character_set_client */;
/*!50503 SET character_set_client = utf8mb4 */;
CREATE TABLE `employee` (
  `IDemployee` varchar(45) NOT NULL,
  `salary` int(11) NOT NULL,
  `role` varchar(45) NOT NULL,
  `team` int(11) DEFAULT NULL,
  PRIMARY KEY (`IDemployee`),
  KEY `teamCostraint_idx` (`team`),
  CONSTRAINT `teamCostraint` FOREIGN KEY (`team`) REFERENCES `team` (`IDteam`) ON DELETE CASCADE ON UPDATE CASCADE,
  CONSTRAINT `usernameCostraint` FOREIGN KEY (`IDemployee`) REFERENCES `user` (`username`) ON DELETE CASCADE ON UPDATE CASCADE
) ENGINE=InnoDB DEFAULT CHARSET=utf8mb4 COLLATE=utf8mb4_0900_ai_ci;
/*!40101 SET character_set_client = @saved_cs_client */;

--
-- Dumping data for table `employee`
--

LOCK TABLES `employee` WRITE;
/*!40000 ALTER TABLE `employee` DISABLE KEYS */;
INSERT INTO `employee` VALUES ('admin',10000,'Administrator',NULL),('adrian',3000,'Engineer',1),('agatha',1200,'Janitor',NULL),('bob',1800,'Technician',1),('christopher',1800,'Technician',4),('jacob',1800,'Technician',1),('james',3000,'Engineer',2),('john',20000,'CEO',NULL),('laura',3000,'Engineer',3),('lorry',1800,'Technician',1),('madeline',1800,'Technician',NULL),('maria',1800,'Technician',2),('matt',1800,'Technician',2),('michael',1800,'Technician',3),('randi',1200,'Janitor',NULL),('richard',15000,'CTO',NULL),('rob',3000,'Engineer',4),('roy',1800,'Technician',2),('ruth',1800,'Technician',3),('seli',1800,'Technician',4),('susy',1800,'Technician',4);
/*!40000 ALTER TABLE `employee` ENABLE KEYS */;
UNLOCK TABLES;

--
-- Table structure for table `orders`
--

DROP TABLE IF EXISTS `orders`;
/*!40101 SET @saved_cs_client     = @@character_set_client */;
/*!50503 SET character_set_client = utf8mb4 */;
CREATE TABLE `orders` (
  `customer` varchar(45) NOT NULL,
  `product` int(11) NOT NULL,
  `purchaseDate` datetime NOT NULL,
  `status` varchar(45) NOT NULL,
  PRIMARY KEY (`customer`,`product`),
  KEY `productCustomer_idx` (`product`),
  CONSTRAINT `customerCostraint` FOREIGN KEY (`customer`) REFERENCES `customer` (`IDcustomer`) ON DELETE CASCADE ON UPDATE CASCADE,
  CONSTRAINT `productCustomer` FOREIGN KEY (`product`) REFERENCES `product` (`IDproduct`) ON DELETE CASCADE ON UPDATE CASCADE
) ENGINE=InnoDB DEFAULT CHARSET=utf8mb4 COLLATE=utf8mb4_0900_ai_ci;
/*!40101 SET character_set_client = @saved_cs_client */;

--
-- Dumping data for table `orders`
--

LOCK TABLES `orders` WRITE;
/*!40000 ALTER TABLE `orders` DISABLE KEYS */;
INSERT INTO `orders` VALUES ('adri',76,'2019-09-08 11:12:00','delivered'),('adri',111,'2019-09-11 17:54:00','delivered'),('amy',4,'2019-09-06 11:12:00','delivered'),('amy',25,'2019-09-11 18:11:00','delivered'),('amy',112,'2019-09-13 10:48:00','delivered'),('anto83',51,'2019-09-07 12:27:00','delivered'),('anto83',77,'2019-09-10 14:15:00','delivered'),('anto83',78,'2019-09-14 22:15:00','delivered'),('betty',1,'2019-09-05 15:18:00','delivered'),('betty',2,'2019-09-08 12:00:00','delivered'),('betty',23,'2019-09-09 09:15:00','delivered'),('eth',50,'2019-09-06 18:15:00','delivered'),('eth',74,'2019-09-07 02:47:00','delivered'),('eth',75,'2019-09-08 07:12:00','delivered'),('eth',110,'2019-09-14 19:21:00','delivered'),('Gabriel',3,'2019-09-07 11:05:00','delivered'),('Gabriel',24,'2019-09-08 14:56:00','delivered'),('imanne',5,'2019-09-15 13:29:00','delivered'),('imanne',26,'2019-09-20 15:14:00','delivered'),('imanne',52,'2019-09-21 19:51:00','delivered'),('imanne',113,'2019-09-18 23:14:00','delivered'),('james96',6,'2019-09-24 17:12:00','delivered'),('james96',53,'2019-09-17 08:15:00','delivered'),('james96',79,'2019-09-22 13:22:00','delivered'),('james96',114,'2019-09-22 15:34:00','delivered'),('laura',7,'2019-10-12 23:55:00','received'),('laura',27,'2019-10-01 17:12:00','shipping'),('laura',54,'2019-09-28 07:52:00','delivered'),('laura',80,'2019-10-05 22:14:00','shipping'),('laura',115,'2019-09-30 18:25:00','delivered'),('lisa',28,'2019-10-01 11:14:00','delivered'),('lisa',55,'2019-10-03 21:32:00','delivered'),('lisa',116,'2019-10-10 20:19:00','received'),('lola',8,'2019-10-03 05:22:00','delivered'),('lola',29,'2019-10-12 08:23:00','received'),('lola',56,'2019-10-12 08:24:00','received'),('lola',81,'2019-10-05 19:47:00','shipping'),('Marianne',9,'2019-10-04 03:32:00','delivered'),('Marianne',82,'2019-10-09 11:36:00','shipping'),('Marianne',117,'2019-10-08 16:41:00','shipping'),('matty',10,'2019-10-08 11:32:00','shipping'),('matty',57,'2019-10-09 18:15:00','shipping'),('matty',83,'2019-10-06 15:25:00','delivered'),('Philip',11,'2019-10-08 22:23:00','shipping'),('Philip',30,'2019-10-11 08:45:00','received'),('Philip',58,'2019-10-08 23:42:00','shipping'),('Philip',118,'2019-10-11 06:37:00','received'),('ralph68',12,'2019-10-08 15:24:00','delivered'),('ralph68',59,'2019-10-09 17:55:00','shipping'),('ralph68',84,'2019-10-11 14:15:00','received'),('Sarah',59,'2019-10-12 10:15:00','received'),('Sarah',119,'2019-10-09 12:11:00','shipping'),('timJ',60,'2019-10-05 23:41:00','delivered'),('timJ',85,'2019-10-07 12:25:00','shipping'),('timJ',120,'2019-10-12 14:15:00','received'),('Vince',13,'2019-10-06 19:37:00','delivered'),('Vince',14,'2019-10-06 20:21:00','delivered'),('Vince',61,'2019-10-09 05:42:00','shipping'),('Vince',86,'2019-10-12 17:42:00','received');
/*!40000 ALTER TABLE `orders` ENABLE KEYS */;
UNLOCK TABLES;

--
-- Table structure for table `product`
--

DROP TABLE IF EXISTS `product`;
/*!40101 SET @saved_cs_client     = @@character_set_client */;
/*!50503 SET character_set_client = utf8mb4 */;
CREATE TABLE `product` (
  `IDproduct` int(11) NOT NULL AUTO_INCREMENT,
  `productName` varchar(45) NOT NULL,
  `productPrice` int(11) NOT NULL,
  `productDescription` varchar(200) NOT NULL,
  `productAvailability` tinyint(1) NOT NULL,
  PRIMARY KEY (`IDproduct`)
) ENGINE=InnoDB AUTO_INCREMENT=139 DEFAULT CHARSET=utf8mb4 COLLATE=utf8mb4_0900_ai_ci;
/*!40101 SET character_set_client = @saved_cs_client */;

--
-- Dumping data for table `product`
--

LOCK TABLES `product` WRITE;
/*!40000 ALTER TABLE `product` DISABLE KEYS */;
INSERT INTO `product` VALUES (1,'ISmartBand',20,'A smartband with fitness and medical tracking functions that can be connected via bluetooth to a smartphone',8),(2,'ISmartBand',20,'A smartband with fitness and medical tracking functions that can be connected via bluetooth to a smartphone',8),(3,'ISmartBand',20,'A smartband with fitness and medical tracking functions that can be connected via bluetooth to a smartphone',8),(4,'ISmartBand',20,'A smartband with fitness and medical tracking functions that can be connected via bluetooth to a smartphone',8),(5,'ISmartBand',20,'A smartband with fitness and medical tracking functions that can be connected via bluetooth to a smartphone',8),(6,'ISmartBand',20,'A smartband with fitness and medical tracking functions that can be connected via bluetooth to a smartphone',8),(7,'ISmartBand',20,'A smartband with fitness and medical tracking functions that can be connected via bluetooth to a smartphone',8),(8,'ISmartBand',20,'A smartband with fitness and medical tracking functions that can be connected via bluetooth to a smartphone',8),(9,'ISmartBand',20,'A smartband with fitness and medical tracking functions that can be connected via bluetooth to a smartphone',8),(10,'ISmartBand',20,'A smartband with fitness and medical tracking functions that can be connected via bluetooth to a smartphone',8),(11,'ISmartBand',20,'A smartband with fitness and medical tracking functions that can be connected via bluetooth to a smartphone',8),(12,'ISmartBand',20,'A smartband with fitness and medical tracking functions that can be connected via bluetooth to a smartphone',8),(13,'ISmartBand',20,'A smartband with fitness and medical tracking functions that can be connected via bluetooth to a smartphone',8),(14,'ISmartBand',20,'A smartband with fitness and medical tracking functions that can be connected via bluetooth to a smartphone',8),(15,'ISmartBand',20,'A smartband with fitness and medical tracking functions that can be connected via bluetooth to a smartphone',8),(16,'ISmartBand',20,'A smartband with fitness and medical tracking functions that can be connected via bluetooth to a smartphone',8),(17,'ISmartBand',20,'A smartband with fitness and medical tracking functions that can be connected via bluetooth to a smartphone',8),(18,'ISmartBand',20,'A smartband with fitness and medical tracking functions that can be connected via bluetooth to a smartphone',8),(19,'ISmartBand',20,'A smartband with fitness and medical tracking functions that can be connected via bluetooth to a smartphone',8),(20,'ISmartBand',20,'A smartband with fitness and medical tracking functions that can be connected via bluetooth to a smartphone',8),(21,'ISmartBand',20,'A smartband with fitness and medical tracking functions that can be connected via bluetooth to a smartphone',8),(22,'ISmartBand',20,'A smartband with fitness and medical tracking functions that can be connected via bluetooth to a smartphone',8),(23,'ISmartLock',45,'A lock that can be installed into a door to allow it to be opened remotely or via a touchpad',19),(24,'ISmartLock',45,'A lock that can be installed into a door to allow it to be opened remotely or via a touchpad',19),(25,'ISmartLock',45,'A lock that can be installed into a door to allow it to be opened remotely or via a touchpad',19),(26,'ISmartLock',45,'A lock that can be installed into a door to allow it to be opened remotely or via a touchpad',19),(27,'ISmartLock',45,'A lock that can be installed into a door to allow it to be opened remotely or via a touchpad',19),(28,'ISmartLock',45,'A lock that can be installed into a door to allow it to be opened remotely or via a touchpad',19),(29,'ISmartLock',45,'A lock that can be installed into a door to allow it to be opened remotely or via a touchpad',19),(30,'ISmartLock',45,'A lock that can be installed into a door to allow it to be opened remotely or via a touchpad',19),(31,'ISmartLock',45,'A lock that can be installed into a door to allow it to be opened remotely or via a touchpad',19),(32,'ISmartLock',45,'A lock that can be installed into a door to allow it to be opened remotely or via a touchpad',19),(33,'ISmartLock',45,'A lock that can be installed into a door to allow it to be opened remotely or via a touchpad',19),(34,'ISmartLock',45,'A lock that can be installed into a door to allow it to be opened remotely or via a touchpad',19),(35,'ISmartLock',45,'A lock that can be installed into a door to allow it to be opened remotely or via a touchpad',19),(36,'ISmartLock',45,'A lock that can be installed into a door to allow it to be opened remotely or via a touchpad',19),(37,'ISmartLock',45,'A lock that can be installed into a door to allow it to be opened remotely or via a touchpad',19),(38,'ISmartLock',45,'A lock that can be installed into a door to allow it to be opened remotely or via a touchpad',19),(39,'ISmartLock',45,'A lock that can be installed into a door to allow it to be opened remotely or via a touchpad',19),(40,'ISmartLock',45,'A lock that can be installed into a door to allow it to be opened remotely or via a touchpad',19),(41,'ISmartLock',45,'A lock that can be installed into a door to allow it to be opened remotely or via a touchpad',19),(42,'ISmartLock',45,'A lock that can be installed into a door to allow it to be opened remotely or via a touchpad',19),(43,'ISmartLock',45,'A lock that can be installed into a door to allow it to be opened remotely or via a touchpad',19),(44,'ISmartLock',45,'A lock that can be installed into a door to allow it to be opened remotely or via a touchpad',19),(45,'ISmartLock',45,'A lock that can be installed into a door to allow it to be opened remotely or via a touchpad',19),(46,'ISmartLock',45,'A lock that can be installed into a door to allow it to be opened remotely or via a touchpad',19),(47,'ISmartLock',45,'A lock that can be installed into a door to allow it to be opened remotely or via a touchpad',19),(48,'ISmartLock',45,'A lock that can be installed into a door to allow it to be opened remotely or via a touchpad',19),(49,'ISmartLock',45,'A lock that can be installed into a door to allow it to be opened remotely or via a touchpad',19),(50,'ISmartVideoBell',120,'A smart doorbell with an integrated display that initiates a video call when someone rings at the door',12),(51,'ISmartVideoBell',120,'A smart doorbell with an integrated display that initiates a video call when someone rings at the door',12),(52,'ISmartVideoBell',120,'A smart doorbell with an integrated display that initiates a video call when someone rings at the door',12),(53,'ISmartVideoBell',120,'A smart doorbell with an integrated display that initiates a video call when someone rings at the door',12),(54,'ISmartVideoBell',120,'A smart doorbell with an integrated display that initiates a video call when someone rings at the door',12),(55,'ISmartVideoBell',120,'A smart doorbell with an integrated display that initiates a video call when someone rings at the door',12),(56,'ISmartVideoBell',120,'A smart doorbell with an integrated display that initiates a video call when someone rings at the door',12),(57,'ISmartVideoBell',120,'A smart doorbell with an integrated display that initiates a video call when someone rings at the door',12),(58,'ISmartVideoBell',120,'A smart doorbell with an integrated display that initiates a video call when someone rings at the door',12),(59,'ISmartVideoBell',120,'A smart doorbell with an integrated display that initiates a video call when someone rings at the door',12),(60,'ISmartVideoBell',120,'A smart doorbell with an integrated display that initiates a video call when someone rings at the door',12),(61,'ISmartVideoBell',120,'A smart doorbell with an integrated display that initiates a video call when someone rings at the door',12),(62,'ISmartVideoBell',120,'A smart doorbell with an integrated display that initiates a video call when someone rings at the door',12),(63,'ISmartVideoBell',120,'A smart doorbell with an integrated display that initiates a video call when someone rings at the door',12),(64,'ISmartVideoBell',120,'A smart doorbell with an integrated display that initiates a video call when someone rings at the door',12),(65,'ISmartVideoBell',120,'A smart doorbell with an integrated display that initiates a video call when someone rings at the door',12),(66,'ISmartVideoBell',120,'A smart doorbell with an integrated display that initiates a video call when someone rings at the door',12),(67,'ISmartVideoBell',120,'A smart doorbell with an integrated display that initiates a video call when someone rings at the door',12),(68,'ISmartVideoBell',120,'A smart doorbell with an integrated display that initiates a video call when someone rings at the door',12),(69,'ISmartVideoBell',120,'A smart doorbell with an integrated display that initiates a video call when someone rings at the door',12),(70,'ISmartVideoBell',120,'A smart doorbell with an integrated display that initiates a video call when someone rings at the door',12),(71,'ISmartVideoBell',120,'A smart doorbell with an integrated display that initiates a video call when someone rings at the door',12),(72,'ISmartVideoBell',120,'A smart doorbell with an integrated display that initiates a video call when someone rings at the door',12),(73,'ISmartVideoBell',120,'A smart doorbell with an integrated display that initiates a video call when someone rings at the door',12),(74,'ISmartLight',10,'A light bulb allowing remote control via Bluetooth',23),(75,'ISmartLight',10,'A light bulb allowing remote control via Bluetooth',23),(76,'ISmartLight',10,'A light bulb allowing remote control via Bluetooth',23),(77,'ISmartLight',10,'A light bulb allowing remote control via Bluetooth',23),(78,'ISmartLight',10,'A light bulb allowing remote control via Bluetooth',23),(79,'ISmartLight',10,'A light bulb allowing remote control via Bluetooth',23),(80,'ISmartLight',10,'A light bulb allowing remote control via Bluetooth',23),(81,'ISmartLight',10,'A light bulb allowing remote control via Bluetooth',23),(82,'ISmartLight',10,'A light bulb allowing remote control via Bluetooth',23),(83,'ISmartLight',10,'A light bulb allowing remote control via Bluetooth',23),(84,'ISmartLight',10,'A light bulb allowing remote control via Bluetooth',23),(85,'ISmartLight',10,'A light bulb allowing remote control via Bluetooth',23),(86,'ISmartLight',10,'A light bulb allowing remote control via Bluetooth',23),(87,'ISmartLight',10,'A light bulb allowing remote control via Bluetooth',23),(88,'ISmartLight',10,'A light bulb allowing remote control via Bluetooth',23),(89,'ISmartLight',10,'A light bulb allowing remote control via Bluetooth',23),(90,'ISmartLight',10,'A light bulb allowing remote control via Bluetooth',23),(91,'ISmartLight',10,'A light bulb allowing remote control via Bluetooth',23),(92,'ISmartLight',10,'A light bulb allowing remote control via Bluetooth',23),(93,'ISmartLight',10,'A light bulb allowing remote control via Bluetooth',23),(94,'ISmartLight',10,'A light bulb allowing remote control via Bluetooth',23),(95,'ISmartLight',10,'A light bulb allowing remote control via Bluetooth',23),(96,'ISmartLight',10,'A light bulb allowing remote control via Bluetooth',23),(97,'ISmartLight',10,'A light bulb allowing remote control via Bluetooth',23),(98,'ISmartLight',10,'A light bulb allowing remote control via Bluetooth',23),(99,'ISmartLight',10,'A light bulb allowing remote control via Bluetooth',23),(100,'ISmartLight',10,'A light bulb allowing remote control via Bluetooth',23),(101,'ISmartLight',10,'A light bulb allowing remote control via Bluetooth',23),(102,'ISmartLight',10,'A light bulb allowing remote control via Bluetooth',23),(103,'ISmartLight',10,'A light bulb allowing remote control via Bluetooth',23),(104,'ISmartLight',10,'A light bulb allowing remote control via Bluetooth',23),(105,'ISmartLight',10,'A light bulb allowing remote control via Bluetooth',23),(106,'ISmartLight',10,'A light bulb allowing remote control via Bluetooth',23),(107,'ISmartLight',10,'A light bulb allowing remote control via Bluetooth',23),(108,'ISmartLight',10,'A light bulb allowing remote control via Bluetooth',23),(109,'ISmartLight',10,'A light bulb allowing remote control via Bluetooth',23),(110,'ISmartThermo',55,'A smart thermostat that allows remote readings and programming',17),(111,'ISmartThermo',55,'A smart thermostat that allows remote readings and programming',17),(112,'ISmartThermo',55,'A smart thermostat that allows remote readings and programming',17),(113,'ISmartThermo',55,'A smart thermostat that allows remote readings and programming',17),(114,'ISmartThermo',55,'A smart thermostat that allows remote readings and programming',17),(115,'ISmartThermo',55,'A smart thermostat that allows remote readings and programming',17),(116,'ISmartThermo',55,'A smart thermostat that allows remote readings and programming',17),(117,'ISmartThermo',55,'A smart thermostat that allows remote readings and programming',17),(118,'ISmartThermo',55,'A smart thermostat that allows remote readings and programming',17),(119,'ISmartThermo',55,'A smart thermostat that allows remote readings and programming',17),(120,'ISmartThermo',55,'A smart thermostat that allows remote readings and programming',17),(121,'ISmartThermo',55,'A smart thermostat that allows remote readings and programming',17),(122,'ISmartThermo',55,'A smart thermostat that allows remote readings and programming',17),(123,'ISmartThermo',55,'A smart thermostat that allows remote readings and programming',17),(124,'ISmartThermo',55,'A smart thermostat that allows remote readings and programming',17),(125,'ISmartThermo',55,'A smart thermostat that allows remote readings and programming',17),(126,'ISmartThermo',55,'A smart thermostat that allows remote readings and programming',17),(127,'ISmartThermo',55,'A smart thermostat that allows remote readings and programming',17),(128,'ISmartThermo',55,'A smart thermostat that allows remote readings and programming',17),(129,'ISmartThermo',55,'A smart thermostat that allows remote readings and programming',17),(130,'ISmartThermo',55,'A smart thermostat that allows remote readings and programming',17),(131,'ISmartThermo',55,'A smart thermostat that allows remote readings and programming',17),(132,'ISmartThermo',55,'A smart thermostat that allows remote readings and programming',17),(133,'ISmartThermo',55,'A smart thermostat that allows remote readings and programming',17),(134,'ISmartThermo',55,'A smart thermostat that allows remote readings and programming',17),(135,'ISmartThermo',55,'A smart thermostat that allows remote readings and programming',17),(136,'ISmartThermo',55,'A smart thermostat that allows remote readings and programming',17),(137,'ISmartThermo',55,'A smart thermostat that allows remote readings and programming',17);
/*!40000 ALTER TABLE `product` ENABLE KEYS */;
UNLOCK TABLES;

--
-- Table structure for table `supplier`
--

DROP TABLE IF EXISTS `supplier`;
/*!40101 SET @saved_cs_client     = @@character_set_client */;
/*!50503 SET character_set_client = utf8mb4 */;
CREATE TABLE `supplier` (
  `IDsupplier` int(11) NOT NULL AUTO_INCREMENT,
  `companyName` varchar(45) NOT NULL,
  `supplierMail` varchar(45) NOT NULL,
  PRIMARY KEY (`IDsupplier`)
) ENGINE=InnoDB AUTO_INCREMENT=16 DEFAULT CHARSET=utf8mb4 COLLATE=utf8mb4_0900_ai_ci;
/*!40101 SET character_set_client = @saved_cs_client */;

--
-- Dumping data for table `supplier`
--

LOCK TABLES `supplier` WRITE;
/*!40000 ALTER TABLE `supplier` DISABLE KEYS */;
INSERT INTO `supplier` VALUES (1,'HS Electronics','hselectronics@example.com'),(2,'AM Semiconductors','amsemiconductors@example.com'),(3,'Forlink Embedded','forlinkembedded@example.com'),(4,'Sharp Corporation','sharpcorporation@example.com'),(5,'AU Optronics','auoptronics@example.com'),(6,'Alliance Rubber Company','alliancerubbercompany@example.com'),(7,'Moore Industrial Hardware','mooreindustrialhardware@example.com'),(8,'U.S. Lock','uslock@example.com'),(9,'Synaptic Corporation','synapticcorporation@example.com'),(10,'SYG Global Technologies','sygglobaltechnologies@example.com'),(11,'Zamel SP','zamelsp@example.com'),(12,'Bisco Industries','biscoindustries@example.com'),(13,'EGL Company','eglcompany@example.com'),(14,'Selco Corporation','selcocorporation@example.com'),(15,'Thermik Corporation','termikcorporation@example.com');
/*!40000 ALTER TABLE `supplier` ENABLE KEYS */;
UNLOCK TABLES;

--
-- Table structure for table `supplies`
--

DROP TABLE IF EXISTS `supplies`;
/*!40101 SET @saved_cs_client     = @@character_set_client */;
/*!50503 SET character_set_client = utf8mb4 */;
CREATE TABLE `supplies` (
  `component` int(11) NOT NULL,
  `supplier` int(11) NOT NULL,
  `purchaseDate` datetime NOT NULL,
  `price` int(11) NOT NULL,
  PRIMARY KEY (`component`,`supplier`),
  KEY `supplierCostraint_idx` (`supplier`),
  CONSTRAINT `componentCostraint2` FOREIGN KEY (`component`) REFERENCES `component` (`IDcomponent`) ON DELETE CASCADE ON UPDATE CASCADE,
  CONSTRAINT `supplierCostraint` FOREIGN KEY (`supplier`) REFERENCES `supplier` (`IDsupplier`) ON DELETE CASCADE ON UPDATE CASCADE
) ENGINE=InnoDB DEFAULT CHARSET=utf8mb4 COLLATE=utf8mb4_0900_ai_ci;
/*!40101 SET character_set_client = @saved_cs_client */;

--
-- Dumping data for table `supplies`
--

LOCK TABLES `supplies` WRITE;
/*!40000 ALTER TABLE `supplies` DISABLE KEYS */;
INSERT INTO `supplies` VALUES (1,6,'2019-08-15 18:15:00',3),(2,6,'2019-08-15 18:15:00',3),(3,6,'2019-08-15 18:15:00',3),(4,6,'2019-08-15 18:15:00',3),(5,6,'2019-08-15 18:15:00',3),(6,6,'2019-08-15 18:15:00',3),(7,6,'2019-08-15 18:15:00',3),(8,6,'2019-08-15 18:15:00',3),(9,6,'2019-08-15 18:15:00',3),(10,6,'2019-08-15 18:15:00',3),(11,6,'2019-08-15 18:15:00',3),(12,6,'2019-08-15 18:15:00',3),(13,6,'2019-08-15 18:15:00',3),(14,6,'2019-08-15 18:15:00',3),(15,6,'2019-08-15 18:15:00',3),(16,6,'2019-08-15 18:15:00',3),(17,6,'2019-08-15 18:15:00',3),(18,6,'2019-08-15 18:15:00',3),(19,6,'2019-08-15 18:15:00',3),(20,6,'2019-08-15 18:15:00',3),(21,6,'2019-08-15 18:15:00',3),(22,6,'2019-08-15 18:15:00',3),(23,6,'2019-08-15 18:15:00',3),(24,6,'2019-08-15 18:15:00',3),(25,7,'2019-08-22 10:17:00',2),(26,7,'2019-08-22 10:17:00',2),(27,7,'2019-08-22 10:17:00',2),(28,7,'2019-08-22 10:17:00',2),(29,7,'2019-08-22 10:17:00',2),(30,7,'2019-08-22 10:17:00',2),(31,7,'2019-08-22 10:17:00',2),(32,7,'2019-08-22 10:17:00',2),(33,7,'2019-08-22 10:17:00',2),(34,7,'2019-08-22 10:17:00',2),(35,7,'2019-08-22 10:17:00',2),(36,7,'2019-08-22 10:17:00',2),(37,4,'2019-08-17 12:25:00',4),(38,4,'2019-08-17 12:25:00',4),(39,4,'2019-08-17 12:25:00',4),(40,4,'2019-08-17 12:25:00',4),(41,4,'2019-08-17 12:25:00',4),(42,4,'2019-08-17 12:25:00',4),(43,4,'2019-08-17 12:25:00',4),(44,4,'2019-08-17 12:25:00',4),(45,4,'2019-08-17 12:25:00',4),(46,4,'2019-08-17 12:25:00',4),(47,4,'2019-08-17 12:25:00',4),(48,4,'2019-08-17 12:25:00',4),(49,5,'2019-08-25 17:12:00',6),(50,5,'2019-08-25 17:12:00',6),(51,5,'2019-08-25 17:12:00',6),(52,5,'2019-08-25 17:12:00',6),(53,5,'2019-08-25 17:12:00',6),(54,5,'2019-08-25 17:12:00',6),(55,5,'2019-08-25 17:12:00',6),(56,5,'2019-08-25 17:12:00',6),(57,5,'2019-08-25 17:12:00',6),(58,5,'2019-08-25 17:12:00',6),(59,5,'2019-08-25 17:12:00',6),(60,5,'2019-08-25 17:12:00',6),(61,5,'2019-08-25 17:12:00',6),(62,5,'2019-08-25 17:12:00',6),(63,5,'2019-08-25 17:12:00',6),(64,1,'2019-08-19 09:47:00',4),(65,1,'2019-08-19 09:47:00',4),(66,1,'2019-08-19 09:47:00',4),(67,1,'2019-08-19 09:47:00',4),(68,1,'2019-08-19 09:47:00',4),(69,1,'2019-08-19 09:47:00',4),(70,1,'2019-08-19 09:47:00',4),(71,1,'2019-08-19 09:47:00',4),(72,1,'2019-08-19 09:47:00',4),(73,1,'2019-08-19 09:47:00',4),(74,1,'2019-08-19 09:47:00',4),(75,1,'2019-08-19 09:47:00',4),(76,1,'2019-08-19 09:47:00',4),(77,1,'2019-08-19 09:47:00',4),(78,1,'2019-08-19 09:47:00',4),(79,1,'2019-08-19 09:47:00',4),(80,1,'2019-08-19 09:47:00',4),(81,1,'2019-08-19 09:47:00',4),(82,1,'2019-08-19 09:47:00',4),(83,1,'2019-08-19 09:47:00',4),(84,1,'2019-08-19 09:47:00',4),(85,1,'2019-08-19 09:47:00',4),(86,1,'2019-08-19 09:47:00',4),(87,1,'2019-08-19 09:47:00',4),(88,1,'2019-08-19 09:47:00',4),(89,1,'2019-08-19 09:47:00',4),(90,1,'2019-08-19 09:47:00',4),(91,1,'2019-08-19 09:47:00',4),(92,1,'2019-08-19 09:47:00',4),(93,1,'2019-08-19 09:47:00',4),(94,1,'2019-08-19 09:47:00',4),(95,1,'2019-08-19 09:47:00',4),(96,1,'2019-08-19 09:47:00',4),(97,1,'2019-08-19 09:47:00',4),(98,1,'2019-08-19 09:47:00',4),(99,1,'2019-08-19 09:47:00',4),(100,1,'2019-08-19 09:47:00',4),(101,1,'2019-08-19 09:47:00',4),(102,1,'2019-08-19 09:47:00',4),(103,1,'2019-08-19 09:47:00',4),(104,1,'2019-08-19 09:47:00',4),(105,2,'2019-08-21 14:45:00',3),(106,2,'2019-08-21 14:45:00',3),(107,2,'2019-08-21 14:45:00',3),(108,2,'2019-08-21 14:45:00',3),(109,2,'2019-08-21 14:45:00',3),(110,2,'2019-08-21 14:45:00',3),(111,2,'2019-08-21 14:45:00',3),(112,2,'2019-08-21 14:45:00',3),(113,2,'2019-08-21 14:45:00',3),(114,2,'2019-08-21 14:45:00',3),(115,2,'2019-08-21 14:45:00',3),(116,2,'2019-08-21 14:45:00',3),(117,2,'2019-08-21 14:45:00',3),(118,2,'2019-08-21 14:45:00',3),(119,2,'2019-08-21 14:45:00',3),(120,2,'2019-08-21 14:45:00',3),(121,2,'2019-08-21 14:45:00',3),(122,3,'2019-08-22 09:12:00',4),(123,3,'2019-08-22 09:12:00',4),(124,3,'2019-08-22 09:12:00',4),(125,3,'2019-08-22 09:12:00',4),(126,3,'2019-08-22 09:12:00',4),(127,3,'2019-08-22 09:12:00',4),(128,3,'2019-08-22 09:12:00',4),(129,3,'2019-08-22 09:12:00',4),(130,3,'2019-08-22 09:12:00',4),(131,3,'2019-08-22 09:12:00',4),(132,3,'2019-08-22 09:12:00',4),(133,3,'2019-08-22 09:12:00',4),(134,3,'2019-08-22 09:12:00',4),(135,3,'2019-08-22 09:12:00',4),(136,7,'2019-08-19 08:20:00',3),(137,7,'2019-08-19 08:20:00',3),(138,7,'2019-08-19 08:20:00',3),(139,7,'2019-08-19 08:20:00',3),(140,7,'2019-08-19 08:20:00',3),(141,7,'2019-08-19 08:20:00',3),(142,7,'2019-08-19 08:20:00',3),(143,7,'2019-08-19 08:20:00',3),(144,7,'2019-08-19 08:20:00',3),(145,7,'2019-08-19 08:20:00',3),(146,7,'2019-08-19 08:20:00',3),(147,7,'2019-08-19 08:20:00',3),(148,7,'2019-08-19 08:20:00',3),(149,7,'2019-08-19 08:20:00',3),(150,7,'2019-08-19 08:20:00',3),(151,7,'2019-08-19 08:20:00',3),(152,7,'2019-08-19 08:20:00',3),(153,7,'2019-08-19 08:20:00',3),(154,7,'2019-08-19 08:20:00',3),(155,8,'2019-08-20 09:47:00',2),(156,8,'2019-08-20 09:47:00',2),(157,8,'2019-08-20 09:47:00',2),(158,8,'2019-08-20 09:47:00',2),(159,8,'2019-08-20 09:47:00',2),(160,8,'2019-08-20 09:47:00',2),(161,8,'2019-08-20 09:47:00',2),(162,8,'2019-08-20 09:47:00',2),(163,8,'2019-08-20 09:47:00',2),(164,8,'2019-08-20 09:47:00',2),(165,8,'2019-08-20 09:47:00',2),(166,8,'2019-08-20 09:47:00',2),(167,8,'2019-08-20 09:47:00',2),(168,8,'2019-08-20 09:47:00',2),(169,8,'2019-08-20 09:47:00',2),(170,8,'2019-08-20 09:47:00',2),(171,8,'2019-08-20 09:47:00',2),(172,9,'2019-08-17 18:45:00',3),(173,9,'2019-08-17 18:45:00',3),(174,9,'2019-08-17 18:45:00',3),(175,9,'2019-08-17 18:45:00',3),(176,9,'2019-08-17 18:45:00',3),(177,9,'2019-08-17 18:45:00',3),(178,9,'2019-08-17 18:45:00',3),(179,9,'2019-08-17 18:45:00',3),(180,9,'2019-08-17 18:45:00',3),(181,9,'2019-08-17 18:45:00',3),(182,9,'2019-08-17 18:45:00',3),(183,9,'2019-08-17 18:45:00',3),(184,9,'2019-08-17 18:45:00',3),(185,9,'2019-08-17 18:45:00',3),(186,9,'2019-08-17 18:45:00',3),(187,9,'2019-08-17 18:45:00',3),(188,9,'2019-08-17 18:45:00',3),(189,9,'2019-08-17 18:45:00',3),(190,9,'2019-08-17 18:45:00',3),(191,9,'2019-08-17 18:45:00',3),(192,9,'2019-08-17 18:45:00',3),(193,10,'2019-08-25 11:31:00',4),(194,10,'2019-08-25 11:31:00',4),(195,10,'2019-08-25 11:31:00',4),(196,10,'2019-08-25 11:31:00',4),(197,10,'2019-08-25 11:31:00',4),(198,10,'2019-08-25 11:31:00',4),(199,10,'2019-08-25 11:31:00',4),(200,10,'2019-08-25 11:31:00',4),(201,10,'2019-08-25 11:31:00',4),(202,10,'2019-08-25 11:31:00',4),(203,7,'2019-08-15 09:01:00',3),(204,7,'2019-08-15 09:01:00',3),(205,7,'2019-08-15 09:01:00',3),(206,7,'2019-08-15 09:01:00',3),(207,7,'2019-08-15 09:01:00',3),(208,7,'2019-08-15 09:01:00',3),(209,7,'2019-08-15 09:01:00',3),(210,7,'2019-08-15 09:01:00',3),(211,7,'2019-08-15 09:01:00',3),(212,7,'2019-08-15 09:01:00',3),(213,7,'2019-08-15 09:01:00',3),(214,7,'2019-08-15 09:01:00',3),(215,7,'2019-08-15 09:01:00',3),(216,7,'2019-08-15 09:01:00',3),(217,7,'2019-08-15 09:01:00',3),(218,7,'2019-08-15 09:01:00',3),(219,10,'2019-08-20 08:49:00',2),(220,10,'2019-08-20 08:49:00',2),(221,10,'2019-08-20 08:49:00',2),(222,10,'2019-08-20 08:49:00',2),(223,10,'2019-08-20 08:49:00',2),(224,10,'2019-08-20 08:49:00',2),(225,10,'2019-08-20 08:49:00',2),(226,10,'2019-08-20 08:49:00',2),(227,10,'2019-08-20 08:49:00',2),(228,10,'2019-08-20 08:49:00',2),(229,10,'2019-08-20 08:49:00',2),(230,10,'2019-08-20 08:49:00',2),(231,10,'2019-08-20 08:49:00',2),(232,10,'2019-08-20 08:49:00',2),(233,10,'2019-08-20 08:49:00',2),(234,10,'2019-08-20 08:49:00',2),(235,10,'2019-08-20 08:49:00',2),(236,10,'2019-08-20 08:49:00',2),(237,10,'2019-08-20 08:49:00',2),(238,10,'2019-08-20 08:49:00',2),(239,4,'2019-08-17 12:25:00',7),(240,4,'2019-08-17 12:25:00',7),(241,4,'2019-08-17 12:25:00',7),(242,4,'2019-08-17 12:25:00',7),(243,4,'2019-08-17 12:25:00',7),(244,4,'2019-08-17 12:25:00',7),(245,4,'2019-08-17 12:25:00',7),(246,4,'2019-08-17 12:25:00',7),(247,4,'2019-08-17 12:25:00',7),(248,4,'2019-08-17 12:25:00',7),(249,4,'2019-08-17 12:25:00',7),(250,4,'2019-08-17 12:25:00',7),(251,4,'2019-08-17 12:25:00',7),(252,4,'2019-08-17 12:25:00',7),(253,4,'2019-08-17 12:25:00',7),(254,4,'2019-08-17 12:25:00',7),(255,4,'2019-08-17 12:25:00',7),(256,4,'2019-08-17 12:25:00',7),(257,4,'2019-08-17 12:25:00',7),(258,5,'2019-08-29 15:17:00',9),(259,5,'2019-08-29 15:17:00',9),(260,5,'2019-08-29 15:17:00',9),(261,5,'2019-08-29 15:17:00',9),(262,5,'2019-08-29 15:17:00',9),(263,5,'2019-08-29 15:17:00',9),(264,5,'2019-08-29 15:17:00',9),(265,5,'2019-08-29 15:17:00',9),(266,5,'2019-08-29 15:17:00',9),(267,5,'2019-08-29 15:17:00',9),(268,5,'2019-08-29 15:17:00',9),(269,5,'2019-08-29 15:17:00',9),(270,5,'2019-08-29 15:17:00',9),(271,1,'2019-08-19 09:47:00',6),(272,1,'2019-08-19 09:47:00',6),(273,1,'2019-08-19 09:47:00',6),(274,1,'2019-08-19 09:47:00',6),(275,1,'2019-08-19 09:47:00',6),(276,1,'2019-08-19 09:47:00',6),(277,1,'2019-08-19 09:47:00',6),(278,1,'2019-08-19 09:47:00',6),(279,1,'2019-08-19 09:47:00',6),(280,1,'2019-08-19 09:47:00',6),(281,3,'2019-08-22 09:12:00',7),(282,3,'2019-08-22 09:12:00',7),(283,3,'2019-08-22 09:12:00',7),(284,3,'2019-08-22 09:12:00',7),(285,3,'2019-08-22 09:12:00',7),(286,3,'2019-08-22 09:12:00',7),(287,3,'2019-08-22 09:12:00',7),(288,3,'2019-08-22 09:12:00',7),(289,3,'2019-08-22 09:12:00',7),(290,3,'2019-08-22 09:12:00',7),(291,3,'2019-08-22 09:12:00',7),(292,3,'2019-08-22 09:12:00',7),(293,3,'2019-08-22 09:12:00',7),(294,3,'2019-08-22 09:12:00',7),(295,3,'2019-08-22 09:12:00',7),(296,3,'2019-08-22 09:12:00',7),(297,3,'2019-08-22 09:12:00',7),(298,3,'2019-08-22 09:12:00',7),(299,3,'2019-08-22 09:12:00',7),(300,3,'2019-08-22 09:12:00',7),(302,12,'2019-08-15 17:42:00',2),(303,12,'2019-08-15 17:42:00',2),(304,12,'2019-08-15 17:42:00',2),(305,12,'2019-08-15 17:42:00',2),(306,12,'2019-08-15 17:42:00',2),(307,12,'2019-08-15 17:42:00',2),(308,12,'2019-08-15 17:42:00',2),(309,12,'2019-08-15 17:42:00',2),(310,12,'2019-08-15 17:42:00',2),(311,12,'2019-08-15 17:42:00',2),(312,12,'2019-08-15 17:42:00',2),(313,12,'2019-08-15 17:42:00',2),(314,12,'2019-08-15 17:42:00',2),(315,12,'2019-08-15 17:42:00',2),(316,12,'2019-08-15 17:42:00',2),(317,12,'2019-08-15 17:42:00',2),(318,12,'2019-08-15 17:42:00',2),(319,12,'2019-08-15 17:42:00',2),(320,12,'2019-08-15 17:42:00',2),(321,12,'2019-08-15 17:42:00',2),(322,12,'2019-08-15 17:42:00',2),(323,12,'2019-08-15 17:42:00',2),(324,12,'2019-08-15 17:42:00',2),(325,13,'2019-08-22 14:31:00',1),(326,13,'2019-08-22 14:31:00',1),(327,13,'2019-08-22 14:31:00',1),(328,13,'2019-08-22 14:31:00',1),(329,13,'2019-08-22 14:31:00',1),(330,13,'2019-08-22 14:31:00',1),(331,13,'2019-08-22 14:31:00',1),(332,13,'2019-08-22 14:31:00',1),(333,13,'2019-08-22 14:31:00',1),(334,13,'2019-08-22 14:31:00',1),(335,13,'2019-08-22 14:31:00',1),(336,13,'2019-08-22 14:31:00',1),(337,13,'2019-08-22 14:31:00',1),(338,13,'2019-08-22 14:31:00',1),(339,13,'2019-08-22 14:31:00',1),(340,13,'2019-08-22 14:31:00',1),(341,13,'2019-08-22 14:31:00',1),(342,13,'2019-08-22 14:31:00',1),(343,13,'2019-08-22 14:31:00',1),(344,13,'2019-08-22 14:31:00',1),(345,13,'2019-08-22 14:31:00',1),(346,13,'2019-08-22 14:31:00',1),(347,13,'2019-08-22 14:31:00',1),(348,13,'2019-08-22 14:31:00',1),(349,13,'2019-08-22 14:31:00',1),(350,13,'2019-08-22 14:31:00',1),(351,13,'2019-08-22 14:31:00',1),(352,13,'2019-08-22 14:31:00',1),(353,13,'2019-08-22 14:31:00',1),(354,13,'2019-08-22 14:31:00',1),(355,13,'2019-08-22 14:31:00',1),(356,13,'2019-08-22 14:31:00',1),(357,13,'2019-08-22 14:31:00',1),(359,2,'2019-08-17 11:27:00',4),(360,2,'2019-08-17 11:27:00',4),(361,2,'2019-08-17 11:27:00',4),(362,2,'2019-08-17 11:27:00',4),(363,2,'2019-08-17 11:27:00',4),(364,2,'2019-08-17 11:27:00',4),(365,2,'2019-08-17 11:27:00',4),(366,2,'2019-08-17 11:27:00',4),(367,2,'2019-08-17 11:27:00',4),(368,2,'2019-08-17 11:27:00',4),(369,2,'2019-08-17 11:27:00',4),(370,2,'2019-08-17 11:27:00',4),(371,2,'2019-08-17 11:27:00',4),(372,2,'2019-08-17 11:27:00',4),(373,2,'2019-08-17 11:27:00',4),(374,2,'2019-08-17 11:27:00',4),(375,2,'2019-08-17 11:27:00',4),(376,3,'2019-08-22 18:25:00',5),(377,3,'2019-08-22 18:25:00',5),(378,3,'2019-08-22 18:25:00',5),(379,3,'2019-08-22 18:25:00',5),(380,3,'2019-08-22 18:25:00',5),(381,3,'2019-08-22 18:25:00',5),(382,3,'2019-08-22 18:25:00',5),(383,3,'2019-08-22 18:25:00',5),(384,3,'2019-08-22 18:25:00',5),(385,3,'2019-08-22 18:25:00',5),(386,3,'2019-08-22 18:25:00',5),(387,3,'2019-08-22 18:25:00',5),(388,3,'2019-08-22 18:25:00',5),(389,3,'2019-08-22 18:25:00',5),(390,3,'2019-08-22 18:25:00',5),(391,3,'2019-08-22 18:25:00',5),(392,3,'2019-08-22 18:25:00',5),(393,3,'2019-08-22 18:25:00',5),(394,3,'2019-08-22 18:25:00',5),(395,3,'2019-08-22 18:25:00',5),(396,3,'2019-08-22 18:25:00',5),(397,3,'2019-08-22 18:25:00',5),(398,3,'2019-08-22 18:25:00',5),(399,3,'2019-08-22 18:25:00',5),(400,3,'2019-08-22 18:25:00',5),(401,3,'2019-08-22 18:25:00',5),(402,3,'2019-08-22 18:25:00',5),(403,3,'2019-08-22 18:25:00',5),(404,14,'2019-08-17 10:16:00',5),(405,14,'2019-08-17 10:16:00',5),(406,14,'2019-08-17 10:16:00',5),(407,14,'2019-08-17 10:16:00',5),(408,14,'2019-08-17 10:16:00',5),(409,14,'2019-08-17 10:16:00',5),(410,14,'2019-08-17 10:16:00',5),(411,14,'2019-08-17 10:16:00',5),(412,14,'2019-08-17 10:16:00',5),(413,14,'2019-08-17 10:16:00',5),(414,14,'2019-08-17 10:16:00',5),(415,14,'2019-08-17 10:16:00',5),(416,14,'2019-08-17 10:16:00',5),(417,14,'2019-08-17 10:16:00',5),(418,14,'2019-08-17 10:16:00',5),(419,14,'2019-08-17 10:16:00',5),(420,14,'2019-08-17 10:16:00',5),(421,15,'2019-08-17 15:22:00',6),(422,15,'2019-08-17 15:22:00',6),(423,15,'2019-08-17 15:22:00',6),(424,15,'2019-08-17 15:22:00',6),(425,15,'2019-08-17 15:22:00',6),(426,15,'2019-08-17 15:22:00',6),(427,15,'2019-08-17 15:22:00',6),(428,15,'2019-08-17 15:22:00',6),(429,15,'2019-08-17 15:22:00',6),(430,15,'2019-08-17 15:22:00',6),(431,15,'2019-08-17 15:22:00',6),(432,15,'2019-08-17 15:22:00',6),(433,15,'2019-08-17 15:22:00',6),(434,15,'2019-08-17 15:22:00',6),(435,15,'2019-08-17 15:22:00',6),(436,15,'2019-08-17 15:22:00',6),(437,15,'2019-08-17 15:22:00',6),(438,15,'2019-08-17 15:22:00',6),(439,15,'2019-08-17 15:22:00',6),(440,15,'2019-08-17 15:22:00',6),(441,15,'2019-08-17 15:22:00',6),(442,15,'2019-08-17 15:22:00',6),(443,15,'2019-08-17 15:22:00',6),(444,15,'2019-08-17 15:22:00',6),(445,15,'2019-08-17 15:22:00',6),(446,2,'2019-08-25 18:42:00',3),(447,2,'2019-08-25 18:42:00',3),(448,2,'2019-08-25 18:42:00',3),(449,2,'2019-08-25 18:42:00',3),(450,2,'2019-08-25 18:42:00',3),(451,2,'2019-08-25 18:42:00',3),(452,2,'2019-08-25 18:42:00',3),(453,2,'2019-08-25 18:42:00',3),(454,2,'2019-08-25 18:42:00',3),(455,2,'2019-08-25 18:42:00',3),(456,2,'2019-08-25 18:42:00',3),(457,2,'2019-08-25 18:42:00',3),(458,2,'2019-08-25 18:42:00',3),(459,2,'2019-08-25 18:42:00',3),(460,2,'2019-08-25 18:42:00',3),(461,2,'2019-08-25 18:42:00',3),(462,2,'2019-08-25 18:42:00',3),(463,2,'2019-08-25 18:42:00',3),(464,2,'2019-08-25 18:42:00',3),(465,2,'2019-08-25 18:42:00',3),(466,2,'2019-08-25 18:42:00',3),(467,3,'2019-08-25 18:58:00',4),(468,3,'2019-08-25 18:58:00',4),(469,3,'2019-08-25 18:58:00',4),(470,3,'2019-08-25 18:58:00',4),(471,3,'2019-08-25 18:58:00',4),(472,3,'2019-08-25 18:58:00',4),(473,3,'2019-08-25 18:58:00',4),(474,4,'2019-08-24 09:28:00',7),(475,4,'2019-08-24 09:28:00',7),(476,4,'2019-08-24 09:28:00',7),(477,4,'2019-08-24 09:28:00',7),(478,4,'2019-08-24 09:28:00',7),(479,4,'2019-08-24 09:28:00',7),(480,4,'2019-08-24 09:28:00',7),(481,4,'2019-08-24 09:28:00',7),(482,4,'2019-08-24 09:28:00',7),(483,4,'2019-08-24 09:28:00',7),(484,4,'2019-08-24 09:28:00',7),(485,4,'2019-08-24 09:28:00',7),(486,4,'2019-08-24 09:28:00',7),(487,4,'2019-08-24 09:28:00',7),(488,4,'2019-08-24 09:28:00',7),(489,4,'2019-08-24 09:28:00',7),(490,4,'2019-08-24 09:28:00',7),(491,4,'2019-08-24 09:28:00',7),(492,5,'2019-08-26 15:22:00',9),(493,5,'2019-08-26 15:22:00',9),(494,5,'2019-08-26 15:22:00',9),(495,5,'2019-08-26 15:22:00',9),(496,5,'2019-08-26 15:22:00',9),(497,5,'2019-08-26 15:22:00',9),(498,5,'2019-08-26 15:22:00',9),(499,5,'2019-08-26 15:22:00',9),(500,5,'2019-08-26 15:22:00',9),(501,5,'2019-08-26 15:22:00',9);
/*!40000 ALTER TABLE `supplies` ENABLE KEYS */;
UNLOCK TABLES;

--
-- Table structure for table `team`
--

DROP TABLE IF EXISTS `team`;
/*!40101 SET @saved_cs_client     = @@character_set_client */;
/*!50503 SET character_set_client = utf8mb4 */;
CREATE TABLE `team` (
  `IDteam` int(11) NOT NULL AUTO_INCREMENT,
  `location` varchar(45) NOT NULL,
  `teamLeader` varchar(45) NOT NULL,
  PRIMARY KEY (`IDteam`),
  KEY `leaderCostraint_idx` (`teamLeader`),
  CONSTRAINT `leaderCostraint` FOREIGN KEY (`teamLeader`) REFERENCES `employee` (`IDemployee`) ON DELETE CASCADE ON UPDATE CASCADE
) ENGINE=InnoDB AUTO_INCREMENT=5 DEFAULT CHARSET=utf8mb4 COLLATE=utf8mb4_0900_ai_ci;
/*!40101 SET character_set_client = @saved_cs_client */;

--
-- Dumping data for table `team`
--

LOCK TABLES `team` WRITE;
/*!40000 ALTER TABLE `team` DISABLE KEYS */;
INSERT INTO `team` VALUES (1,'Seattle','adrian'),(2,'Washington','james'),(3,'New York','laura'),(4,'Boston','rob');
/*!40000 ALTER TABLE `team` ENABLE KEYS */;
UNLOCK TABLES;

--
-- Table structure for table `user`
--

DROP TABLE IF EXISTS `user`;
/*!40101 SET @saved_cs_client     = @@character_set_client */;
/*!50503 SET character_set_client = utf8mb4 */;
CREATE TABLE `user` (
  `username` varchar(45) NOT NULL,
  `name` varchar(45) NOT NULL,
  `surname` varchar(45) NOT NULL,
  `password` varchar(45) NOT NULL,
  `mail` varchar(45) NOT NULL,
  PRIMARY KEY (`username`)
) ENGINE=InnoDB DEFAULT CHARSET=utf8mb4 COLLATE=utf8mb4_0900_ai_ci;
/*!40101 SET character_set_client = @saved_cs_client */;

--
-- Dumping data for table `user`
--

LOCK TABLES `user` WRITE;
/*!40000 ALTER TABLE `user` DISABLE KEYS */;
INSERT INTO `user` VALUES ('admin','admin','admin','adminPassword','admin@example.com'),('adri','Adrienne','Andrews','adriPassword','adri@example.com'),('adrian','Adrian','Robinson','adrianPassword','adrian@example.com'),('agatha','Agatha','Lane','agathaPassword','agatha@example.com'),('amy','Amy','Lowe','amyPassword','amy@example.com'),('anto83','Anthony','Griffin','anto83Password','anto83@example.com'),('betty','Betty','Jordan','bettyPassword','betty@example.com'),('bob','Robert','Caldwell','bobPassword','bob@example.com'),('brad','Bradley','Proctor','bradPassword','brad@example.com'),('christopher','Christopher','Austin','christopherPassword','christopher@example.com'),('Dani','Danielle','Johnson','DaniPassword','Dani@example.com'),('david91','David','Baldwin','david91Password','david91@example.com'),('Dia','Diana','Williams','DiaPassword','Dia@example.com'),('donny','Donny','Hudson','donnyPassword','donny@example.com'),('eth','Ethan','Rivas','ethPassword','eth@example.com'),('Gabriel','Gabriel','Foster','GabrielPassword','Gabriel@example.com'),('imanne','Anne','Taylor','imannePassword','anne@example.com'),('jacob','Jacob','Chan','jacobPassword','jacob@example.com'),('james','James','Burns','jamesPassword','james@example.com'),('james96','James','Parker','james96Password','james@example.com'),('john','John','Carter','johnPassword','john@example.com'),('john72','John','Branch','john72Password','john72@example.com'),('laura','Laura','Schmitt','lauraPassword','laura@example.com'),('lisa','Lisa','Smith','lisaPassword','lisa@example.com'),('lola','Karola','Leal','lolaPassword','lola@example.com'),('lorry','Lorry','Prenton','lorryPassword','lorry@example.com'),('madeline','Madelaine','Terrel','madelinePassword','madeline@example.com'),('magicBob','Bob','White','magicBobPassword','magicbob@example.com'),('maria','Maria','Morrison','mariaPassword','maria@example.com'),('Marianne','Marianne','Payne','MariannePassword','Marianne@example.com'),('matt','Matthew','Duncan','mattPassword','matt@example.com'),('matty','Matthew','Simon','mattyPassword','matty@example.com'),('michael','Michael','Woods','michaelPassword','michael@example.com'),('PaulPaul','Paul','Scott','PaulPaulPassword','paul@example.com'),('Philip','Philip','Sanders','PhilipPassword','Philip@example.com'),('ralph68','Ralph','Mayo','ralph68Password','ralph68@example.com'),('randi','Randi','Dickson','randiPassword','randi@example.com'),('richard','Richard','Johnson','richardPassword','richard@example.com'),('rob','Robert','Kelley','robPassword','rob@example.com'),('roy','Roy','Smith','royPassword','roy@example.com'),('ruth','Ruth','Spencer','ruthPassword','ruth@example.com'),('Sarah','Sarah','Washington','SarahPassword','Sarah@example.com'),('seli','Selinda','Reyna','seliPassword','seli@example.com'),('soJenny','Jenny','Lingard','soJennyPassword','jenny@example.com'),('susy','Susan','Parks','susyPassword','susy@example.com'),('timJ','Tim','Jones','timJPassword','tim@example.com'),('Vince','Vincent','Ross','VincePassword','Vince@example.com');
/*!40000 ALTER TABLE `user` ENABLE KEYS */;
UNLOCK TABLES;

--
-- Dumping events for database 'innovativesolutionsdb'
--

--
-- Dumping routines for database 'innovativesolutionsdb'
--
/*!40103 SET TIME_ZONE=@OLD_TIME_ZONE */;

/*!40101 SET SQL_MODE=@OLD_SQL_MODE */;
/*!40014 SET FOREIGN_KEY_CHECKS=@OLD_FOREIGN_KEY_CHECKS */;
/*!40014 SET UNIQUE_CHECKS=@OLD_UNIQUE_CHECKS */;
/*!40101 SET CHARACTER_SET_CLIENT=@OLD_CHARACTER_SET_CLIENT */;
/*!40101 SET CHARACTER_SET_RESULTS=@OLD_CHARACTER_SET_RESULTS */;
/*!40101 SET COLLATION_CONNECTION=@OLD_COLLATION_CONNECTION */;
/*!40111 SET SQL_NOTES=@OLD_SQL_NOTES */;

-- Dump completed on 2019-10-13  1:47:37
